Company Name,Business Description,Industry
"024 Pharma, Inc.","024 Pharma, Inc. provides healthcare products worldwide. Its products include vitamin and mineral supplements; stress release, joint, heart health, and weight-loss products; and skin care, hair, and anti-aging products. The company was formerly known as B Green Innovations, Inc. and changed its name to 024 Pharma, Inc. in October 2016. 024 Pharma, Inc. was incorporated in 2004 and is based in West Palm Beach, Florida.",Beauty Care Products 
"1-800-FLOWERS.COM, Inc.","1-800-Flowers.com, Inc., together with its subsidiaries, provides gourmet food and floral gifts for various occasions in the United States. It operates in three segments: Consumer Floral; Gourmet Food and Gift Baskets; and BloomNet Wire Service. The company offers a range of products, including fresh-cut flowers, floral and fruit arrangements and plants, gifts, popcorn, gourmet foods and gift baskets, cookies, chocolates, candies, wine, and gift-quality fruits, as well as balloons, candles, keepsake gifts, and plush stuffed animals. It also provides floral wire service through mybloomnet.net; gourmet gifts, such as fruits and other gourmet items through 1-877-322-1200 or harryanddavid.com; popcorn and specialty treats through 1-800-541-2676 or thepopcornfactory.com; cookies and baked gifts from 1-800-443-8124 or cheryls.com; gift baskets and towers from 1800baskets.com; English muffins and other breakfast treats from 1-800-999-1910 or wolfermans.com; carved fresh fruit arrangements from fruitbouquets.com; and steaks and chops from stockyards.com. The company offers its products to consumers and wholesalers. 1-800-FLOWERS.COM, Inc. was founded in 1976 and is headquartered in Carle Place, New York.","Catalog Flowers, Gifts and Novelties "
12 Retech Corporation,"12 Retech Corporation, through its subsidiaries, operates an integrated retail platform in Asia, North America, and Europe. Its platform includes 12Mirror, an in-store application, which recognizes clothes that a person is fitting and takes pictures, which are shared with friends and family, as well as detects products, gives information, and collects data from consumers and products for the shop, designer, and manufacturer; and 12Kiosk, an in-store application, which browses and detects products, provides information, and place orders for consumers. The platform also offers 12ADScreen, a two-way screen with voice and touch capability that detects people in front of the screen, as well as provides information on offers at the store and/or can download advertised pictures or videos; and 12Mobile App, an e-commerce application to find offers, make reservations, and pay for purchases and services. In addition, its platform provides Staff/Sales App, an application for vendors to communicate with its system for checking product information, inventory, and location; and 12Sconti App that helps in reducing food waste. 12 Retech Corporation is based in Carson City, Nevada.",Information Technology 
"1347 Property Insurance Holdings, Inc.","1347 Property Insurance Holdings, Inc., through its subsidiaries, provides property and casualty insurance products to individuals in Louisiana, Florida, and Texas. The company offers homeowners’ insurance, manufactured home insurance, dwelling fire insurance, and wind/hail insurance products, as well as reinsurance products. It offers its insurance policies through a network of independent agents. The company was formerly known as Maison Insurance Holdings, Inc. and changed its name to 1347 Property Insurance Holdings, Inc. in March 2014. 1347 Property Insurance Holdings, Inc. was founded in 2012 and is based in Tampa, Florida.",Casualty 
1847 Holdings LLC,"1847 Holdings LLC, through its subsidiaries, provides a range of products and services for agriculture, construction, lawn, and garden industries in North America. The company also offers waste disposal and various land application services; and manure spreading, land rolling, bin whipping, cleaning of bulk storage bins and silos, equipment rental, trucking, vacuuming, building erection, and other services to local agricultural and farming communities, as well as wholesales agricultural equipment and parts, local trucking services, various shop services, and other products and services. 1847 Partners LLC serves as the manager of the company. 1847 Holdings LLC was founded in 2013 and is based in New York, New York.",Commercial and Professional Services 
1867 Western Financial Corporation,"1867 Western Financial Corporation, through its subsidiaries, offers personal and business banking services. The company was founded in 1989 and is headquartered in Stockton, California.",Banks 
"1mage Software, Inc.","1mage Software Inc operates in the technology industry. The company offers capturing services, including 1ACCESS, an java-based software application that utilizes the adobe PDF format, which could be printed, faxed, and emailed; application program interfaces consisting of executable subroutines; 1FAX, an software application that manages inbound/outbound fax transmissions and outbound emails; 1SCAN, a windows based software application; and 1ERM that provides simultaneous and multi-user access to indexed and archived computer-generated reports and customer-related documents. Its capturing services also include 1SCANSERV, which allow scanned documents from an MFP or a scanner to be transformed into image files; V1A, a document imaging software that allows viewing images; and Zoë, which gives access to other outside applications. The company also provides integrating services, such as application program interfaces; Zoë that gives access to other outside applications; ZoëFetch, an application bridge, which works with various applications; and Zoë XML Web services that allows users to seamlessly integrate with line of business application. In addition, it offers archiving services; and digital content management system that provides solutions for the scanning, indexing, storing, and retrieving of document images. Further, the company provides 1SEARCH that locate and retrieve documents/images, as well as Web services. Additionally, it offers exporting services, which include 1PUBLISH that enables users with specific security rights; and 1RENDITION, which automates the rendition billing process. The company is based in Englewood, Colorado.",Application Software 
"1PM Industries, Inc.","1PM Industries, Inc. provides consulting services to companies in various industries transform from a private company to a public company. The company was incorporated in 1990 and is based in Beverly Hills, California.",Commercial and Professional Services 
1st Capital Bank,"1st Capital Bank provides various banking products and services to businesses, professionals, real estate investors, family commercial entities, and individuals in the central coast region of California. Its deposit products include personal and business checking, savings, money market, and certificates of deposit accounts, as well as individual retirement accounts and health savings accounts. The company also offers business loans and lines of credit, such as long term loans for fixed-asset purchases and permanent working capital, asset-based lines of credit to cover accounts receivables and inventory, short term lines of credit to support short-term seasonal working capital needs or inventory purchases, equipment financing, and acquisition financing; and commercial real estate loans comprising term loans for the purchase or refinance of commercial and multi-family residential properties; and personal loans for business owners. In addition, it provides agriculture and wine industry lending products, including long or short term loans for crops, orchards, winery, and vineyard development; real estate purchases or debt refinancing; machinery and equipment purchase; and building improvements, as well as lines of credit for seasonal needs. Further, the company offers small business administration and government guaranteed lending solutions; debit cards; cash management services that include ACH origination, online wire transfer, check reconciliation, merchant card, and remote deposit capture services; and remote check scanning, remote branch deposit, online banking, telephone banking, courier, electronic bill payment, mobile banking, and remote wire request services, as well as invests in securities. It operates through full service branch offices in Monterey, Salinas, King City, and San Luis Obispo, California. The company was incorporated in 2006 and is based in Salinas, California.",Banks 
"1st Colonial Bancorp, Inc.","1st Colonial Bancorp, Inc. operates as the bank holding company for 1st Colonial Community Bank that provides a range of business and consumer financial services in New Jersey. The company offers various deposit products, including statement savings accounts, money market accounts, certificates of deposit, club accounts, interest on lawyers trust accounts fund accounts, and business and personal checking accounts. It also provides home equity loans, home equity lines of credit, car loans, personal loans, residential and commercial mortgages, construction loans, lines of credit, equipment and vehicle financing, and other loans; and SBA loans for various general business purposes, including working capital, machinery and equipment, furniture and fixtures, land and building, leasehold improvements, and debt refinancing. In addition, the company offers a range of merchant services comprising card services, night depository, bulk cash processing, coin and currency ordering, and other services; VISA CheckCards; wire transfers, safe deposit boxes, and other additional services; and online banking, mobile banking, telephone banking, government banking, and ATM services. It operates two branch offices located in Collingswood and Westville, New Jersey. 1st Colonial Bancorp, Inc. was founded in 2000 and is headquartered in Collingswood, New Jersey.",Banks 
1st Constitution Bancorp,"1st Constitution Bancorp operates as the bank holding company for 1st Constitution Bank that provides commercial and retail banking services in the central and northeastern New Jersey areas. The company offers deposit products, including interest bearing demand deposits, such as interest-bearing checking accounts, money market accounts, and NOW accounts; and non-interest bearing demand, savings, and time deposits, as well as certificates of deposit. It also provides commercial loans, including term loans, lines of credit, and loans secured by equipment and receivables; secured and unsecured short-to-medium term commercial loans to businesses for working capital, business expansion, and the purchase of equipment and machinery; and construction loans to real estate developers for the acquisition, development, and construction of residential and commercial properties. In addition, the company offers residential first mortgage loans secured by owner-occupied property; construction loans; reverse mortgages; second mortgage home improvement loans; home equity lines of credit; and non-residential consumer loans for automobiles, recreation vehicles, and boats, as well as secured and unsecured personal loans, and deposit account secured loans. It serves corporations, individuals, partnerships, and other community organizations, as well as small businesses and not-for-profit organizations. As of December 31, 2017, the company operated through 17 branch offices, as well as 2 residential mortgage loan production offices in New Jersey. 1st Constitution Bancorp was founded in 1989 and is based in Cranbury, New Jersey.",Banks 
1st NRG Corp.,"1st NRG Corp. explores, develops, produces, and sells natural gas properties in the United States. The company holds interests in the Clabaugh Ranch property comprising 42 producing wells, 1 permitted location, and 2,821 undeveloped acres located in the Powder River Basin in northeast Wyoming. It also holds interests in shale plays covering approximately 7,000 acres situated in Ohio. The company was founded in 1988 and is headquartered in Denver, Colorado.",Energy 
1st Prestige Wealth Management,"1st Prestige Wealth Management provides wealth management products and services in the United States. It also provides insurance, managed funds, and financial planning services. The company was formerly known as Power Technology, Inc. and changed its name to 1st Prestige Wealth Management in July 2014. 1st Prestige Wealth Management is based in Henderson, Nevada.",Asset Management and Custody Banks 
1st Source Corporation,"1st Source Corporation operates as the bank holding company for 1st Source Bank that provides commercial and consumer banking services, trust and investment management services, and insurance to individual and business clients. Its consumer banking services include checking and savings accounts; certificates of deposit; individual retirement accounts; online and mobile banking products; consumer loans, real estate loans, and lines of credit; and financial planning, financial literacy, and other consultative services, as well as debit and credit cards. The company also offers commercial, small business, agricultural, and real estate loans for general corporate purposes, including financing for industrial and commercial properties, equipment, inventories, accounts receivables, and acquisition financing; and commercial leasing, treasury management, and retirement planning services. In addition, it provides a range of trust, investment, agency, and custodial services comprising administration of estates and personal trusts, as well as management of investment accounts for individuals, employee benefit plans, and charitable foundations. Further, the company offers equipment loan and lease products for new and used aircraft, auto and light trucks, construction equipment, and medium and heavy duty trucks; and leases construction equipment, various types of trucks, vans, automobiles, motor coaches, shuttle buses, and other equipment. Additionally, it provides corporate and personal property, casualty, and individual and group health and life insurance products and services; and investment advisory services to trust and investment clients. As of December 31, 2017, the company operated through 79 banking centers in 17 counties in Indiana and Michigan, and Sarasota County in Florida. 1st Source Corporation was founded in 1863 and is headquartered in South Bend, Indiana.",Banks 
"1ST SUMMIT BANCORP of Johnstown, Inc.","1ST SUMMIT BANCORP of Johnstown, Inc. operates as the holding company for 1ST SUMMIT BANK that provides various banking products and services to consumer, corporate, municipal, nonprofit, and institutional customers and clients. The company accepts various deposits, such as checking, savings, interest-bearing and noninterest-bearing demand deposit, money market, and individual retirement accounts, as well as certificates of deposit. Its loan products include residential and commercial real estate, commercial, consumer, and construction loans. The company also offers credit, prepaid, and gift cards; wealth management and investment services comprising trust, financial advisory and planning, life insurance, and long-term care insurance services; and reorder checks, safe deposit boxes, and electronic banking services. In addition, it provides securities portfolio primarily consisting of issues of the United States government agencies, including mortgage-backed securities, municipal obligations, corporate debt, and equity securities of other financial institutions. Further, the company, through its subsidiary, Cambria Thrift Consumer Discount Company, offers consumer finance. It operates 20 offices located in Cambria, Somerset, Indiana, Blair, and Westmoreland counties in Pennsylvania. The company was formerly known as SUMMIT Bancorp, Inc. and changed its name to 1ST SUMMIT BANCORP of Johnstown, Inc. in 1996. 1ST SUMMIT BANCORP of Johnstown, Inc. was founded in 1924 and is headquartered in Johnstown, Pennsylvania.",Banks 
"20/20 Global, Inc.","RM Investors, Inc. supplies fruits and vegetables in North America. It specializes in apples, onions, potatoes, seasonal vegetables, consolidated citrus, and other produce transportation solutions. The company was formerly known as 20/20 Produce Sales, Inc. and changed its name to RM Investors, Inc. in March 2014. The company was founded in 1993 and is based in Heyburn, Idaho.",Consumer Staples 
"2050 Motors, Inc.","2050 Motors, Inc., a development stage company, intends to import, market, and sell electric automobiles in the United States, Puerto Rico, the United States Territories, and Peru. Its product is e-Go EV, a lightweight carbon fiber electric vehicle. The company was founded in 2012 and is based in North Las Vegas, Nevada.",Consumer Discretionary 
"22nd Century Group, Inc.","22nd Century Group, Inc., a plant biotechnology company, provides technology that allows increasing or decreasing the level of nicotine and other nicotinic alkaloids in tobacco plants, and cannabinoids in hemp/cannabis plants through genetic engineering and plant breeding. It offers premium cigarettes under the RED SUN and MAGIC brands; and SPECTRUM, a line of research cigarettes for use in independent clinical studies. The company’s products under development include BRAND A, a very low nicotine cigarette; X-22, a tobacco-based botanical medical product for use as an aid to smoking cessation; and BRAND B, a low-tar-to-nicotine ratio cigarette. In addition, it engages in contract manufacturing business for third-party branded tobacco products. The company has scientific collaborations with the University of Virginia and Anandia Laboratories, Inc. to develop proprietary hemp strains with less than 0.3% dry weight content of delta-9-tetrahydrocannabinol. 22nd Century Group, Inc. was founded in 1998 and is headquartered in Williamsville, New York.",Cigarettes 
"24/7 Kid Doc, Inc.","24/7 Kid Doc, Inc. provides pediatric services through video conference in the United States. Its services include well examinations, acute illness or injury care, diagnosis and recommendations as to treatment or disposition, administering scheduled medications, consulting with staff regarding eating disorders and other behavior issues, and issuing prescriptions, as well as mental health counseling for depression, drug abuse, and family problems. The company treats common illnesses, such as cold and flu symptoms, rashes, injury care, allergies, fever, earaches, behavioral issues, and asthma. 24/7 Kid Doc, Inc. is based in Hickory, North Carolina.",Healthcare 
24Holdings Inc.,"24Holdings Inc. does not have significant operations. The company intends to seek, investigate, and consummate a merger or other business combination, purchase of assets, or other strategic transaction with a corporation, partnership, limited liability company, or other operating business entity. Prior to September 2005, it was involved in supplying computer and electronic products to business customers. The company was founded in 1996 and is based in Florham Park, New Jersey.",Computer and Computer Software Stores 
"2U, Inc.","2U, Inc. operates as an education technology company in the United States, Hong Kong, South Africa, and the United Kingdom. The company operates through two segments, Graduate Program Segment and Short Course Segment. It offers front-end technology and services, including online learning platform, student and faculty and immersion support, accessibility, admissions application advising, in-program student field placements, and faculty recruiting. The company provides back-end technology and services comprising graduate program launch and operations applications, university systems integration applications, content management system, admission application processing portal, customer relationship management, content development, student acquisition, and state authorization services. The company was formerly known as 2Tor Inc. and changed its name to 2U, Inc. in October 2012. 2U, Inc. was founded in 2008 and is headquartered in Lanham, Maryland.",Application Hosting Services 
"30DC, Inc.","30DC, Inc. provides digital media solutions. The company primarily provides MagCast Publishing Platform, a cloud-based digital publishing software which enables customers to create mobile magazine apps, as well as facilitates the monetization of digital content through advanced marketing functions. It also offers related training courses and support services. The company was founded in 2005 and is based in New York, New York.",Application Hosting Services 
"3D Eye Solutions, Inc.","3D Entertainment Holdings, Inc. operates as a service provider and integrator for the 3D stereoscopic and auto-stereoscopic media industry in the United States. The company owns 3D Reality Splitter software, a proprietary technology to convert existing 2D content into 3D with and without glasses. Its solutions comprise proprietary 3D Reality Splitter 2D to 3D conversions; stereo and multi-view consulting and integration; value added resale of turnkey multi-view systems for digital signage; custom development for integrations, such as digital signage, cinema, medical, military, mobile, etc.; digital signage - large format auto-stereoscopic displays for advertisers; and produce and process media content for film, television, corporate, venues, and trade show events. The company also provides turnkey systems, as well as converts existing media to enable end user to showcase properties in multi view format. 3D Eye Solutions, Inc. was incorporated in 2008 and is headquartered in Grapevine, Texas.",Application Software 
"3D MakerJet, Inc.","3D MakerJet, Inc. develops, imports, and sells art 3D printers, scanners, and ancillary equipment in the United States. It focuses on supplying plastic, medical, culinary, and powderless metal 3D printers for individuals and businesses. 3D MakerJet, Inc. was incorporated in 2014 and is based in Orlando, Florida. 3D MakerJet, Inc. operates as a subsidiary of Market Milestones, Inc.",Information Technology 
3D Pioneer Systems Inc.,"3D Pioneer Systems Inc. engages in 3D printing business. The company offers 3D printing hardware, software, and accessories. Its products include Wyatt, a 3D printer; The Whip, a Web enabled 3D printer controller; and Pioneer Pomade, a 3D printing solution. The company also operates BeatAny3dPrint.com; and develops Tangled Tut, a mobile game that rewards gamer performance with real-life 3D printed prizes through integration with Appaloza platform, as well as Save your Planet, a mobile game. In addition, it operates Appaloza, a 3D printing platform and marketplace that enables selling and buying 3D designs online; and developers to integrate 3D printing into various applications, systems, or platforms, as well as direct communication and control with FDM 3D printers on the market. The company was formerly known as Mobile Gaming International Corp. and changed its name to 3D Pioneer Systems Inc. in October 2013. 3D Pioneer Systems Inc. was incorporated in 2008 and is based in Carson City, Nevada.",Application Software 
